DOCENTE,DIA,HORA_INICIO,PRIORIDAD
42424242,lunes,07:00,1
42424242,lunes,08:00,1
42424242,lunes,09:00,1
42424242,lunes,10:00,1
42424242,lunes,11:00,1
42424242,lunes,12:00,1
42424242,lunes,14:00,1
42424242,lunes,15:00,1
42424242,lunes,16:00,1
42424242,lunes,17:00,1
42424242,lunes,18:00,1
42424242,lunes,19:00,1
42424242,lunes,20:00,1
42424242,martes,07:00,1
42424242,martes,08:00,1
42424242,martes,09:00,1
42424242,martes,10:00,1
42424242,martes,11:00,1
42424242,martes,12:00,1
42424242,martes,14:00,1
42424242,martes,15:00,1
42424242,martes,16:00,1
42424242,martes,17:00,1
42424242,martes,18:00,1
42424242,martes,19:00,1
42424242,martes,20:00,1
42424242,miercoles,07:00,1
42424242,miercoles,08:00,1
42424242,miercoles,09:00,1
42424242,miercoles,10:00,1
42424242,miercoles,11:00,1
42424242,miercoles,12:00,1
42424242,miercoles,14:00,1
42424242,miercoles,15:00,1
42424242,miercoles,16:00,1
42424242,miercoles,17:00,1
42424242,miercoles,18:00,1
42424242,miercoles,19:00,1
42424242,miercoles,20:00,1
42424242,jueves,07:00,1
42424242,jueves,08:00,1
42424242,jueves,09:00,1
42424242,jueves,10:00,1
42424242,jueves,11:00,1
42424242,jueves,12:00,1
42424242,jueves,14:00,1
42424242,jueves,15:00,1
42424242,jueves,16:00,1
42424242,jueves,17:00,1
42424242,jueves,18:00,1
42424242,jueves,19:00,1
42424242,jueves,20:00,1
42424242,viernes,07:00,1
42424242,viernes,08:00,1
42424242,viernes,09:00,1
42424242,viernes,10:00,1
42424242,viernes,11:00,1
42424242,viernes,12:00,1
42424242,viernes,14:00,1
42424242,viernes,15:00,1
42424242,viernes,16:00,1
42424242,viernes,17:00,1
42424242,viernes,18:00,1
42424242,viernes,19:00,1
42424242,viernes,20:00,1
42424242,sabado,07:00,1
42424242,sabado,08:00,1
42424242,sabado,09:00,1
42424242,sabado,10:00,1
42424242,sabado,11:00,1
42424242,sabado,12:00,1
42424242,sabado,14:00,1
42424242,sabado,15:00,1
42424242,sabado,16:00,1
42424242,sabado,17:00,1
42424242,sabado,18:00,1
42424242,sabado,19:00,1
42424242,sabado,20:00,1
40404040,lunes,07:00,1
40404040,lunes,08:00,1
40404040,lunes,09:00,1
40404040,lunes,10:00,1
40404040,lunes,11:00,1
40404040,lunes,12:00,1
40404040,lunes,14:00,1
40404040,lunes,15:00,1
40404040,lunes,16:00,1
40404040,lunes,17:00,1
40404040,lunes,18:00,1
40404040,lunes,19:00,1
40404040,lunes,20:00,1
40404040,martes,07:00,1
40404040,martes,08:00,1
40404040,martes,09:00,1
40404040,martes,10:00,1
40404040,martes,11:00,1
40404040,martes,12:00,1
40404040,martes,14:00,1
40404040,martes,15:00,1
40404040,martes,16:00,1
40404040,martes,17:00,1
40404040,martes,18:00,1
40404040,martes,19:00,1
40404040,martes,20:00,1
40404040,miercoles,07:00,1
40404040,miercoles,08:00,1
40404040,miercoles,09:00,1
40404040,miercoles,10:00,1
40404040,miercoles,11:00,1
40404040,miercoles,12:00,1
40404040,miercoles,14:00,1
40404040,miercoles,15:00,1
40404040,miercoles,16:00,1
40404040,miercoles,17:00,1
40404040,miercoles,18:00,1
40404040,miercoles,19:00,1
40404040,miercoles,20:00,1
40404040,jueves,07:00,1
40404040,jueves,08:00,1
40404040,jueves,09:00,1
40404040,jueves,10:00,1
40404040,jueves,11:00,1
40404040,jueves,12:00,1
40404040,jueves,14:00,1
40404040,jueves,15:00,1
40404040,jueves,16:00,1
40404040,jueves,17:00,1
40404040,jueves,18:00,1
40404040,jueves,19:00,1
40404040,jueves,20:00,1
40404040,viernes,07:00,1
40404040,viernes,08:00,1
40404040,viernes,09:00,1
40404040,viernes,10:00,1
40404040,viernes,11:00,1
40404040,viernes,12:00,1
40404040,viernes,14:00,1
40404040,viernes,15:00,1
40404040,viernes,16:00,1
40404040,viernes,17:00,1
40404040,viernes,18:00,1
40404040,viernes,19:00,1
40404040,viernes,20:00,1
40404040,sabado,07:00,1
40404040,sabado,08:00,1
40404040,sabado,09:00,1
40404040,sabado,10:00,1
40404040,sabado,11:00,1
40404040,sabado,12:00,1
40404040,sabado,14:00,1
40404040,sabado,15:00,1
40404040,sabado,16:00,1
40404040,sabado,17:00,1
40404040,sabado,18:00,1
40404040,sabado,19:00,1
40404040,sabado,20:00,1
41414141,lunes,07:00,1
41414141,lunes,08:00,1
41414141,lunes,09:00,1
41414141,lunes,10:00,1
41414141,lunes,11:00,1
41414141,lunes,12:00,1
41414141,lunes,14:00,1
41414141,lunes,15:00,1
41414141,lunes,16:00,1
41414141,lunes,17:00,1
41414141,lunes,18:00,1
41414141,lunes,19:00,1
41414141,lunes,20:00,1
41414141,martes,07:00,1
41414141,martes,08:00,1
41414141,martes,09:00,1
41414141,martes,10:00,1
41414141,martes,11:00,1
41414141,martes,12:00,1
41414141,martes,14:00,1
41414141,martes,15:00,1
41414141,martes,16:00,1
41414141,martes,17:00,1
41414141,martes,18:00,1
41414141,martes,19:00,1
41414141,martes,20:00,1
41414141,miercoles,07:00,1
41414141,miercoles,08:00,1
41414141,miercoles,09:00,1
41414141,miercoles,10:00,1
41414141,miercoles,11:00,1
41414141,miercoles,12:00,1
41414141,miercoles,14:00,1
41414141,miercoles,15:00,1
41414141,miercoles,16:00,1
41414141,miercoles,17:00,1
41414141,miercoles,18:00,1
41414141,miercoles,19:00,1
41414141,miercoles,20:00,1
41414141,jueves,07:00,1
41414141,jueves,08:00,1
41414141,jueves,09:00,1
41414141,jueves,10:00,1
41414141,jueves,11:00,1
41414141,jueves,12:00,1
41414141,jueves,14:00,1
41414141,jueves,15:00,1
41414141,jueves,16:00,1
41414141,jueves,17:00,1
41414141,jueves,18:00,1
41414141,jueves,19:00,1
41414141,jueves,20:00,1
41414141,viernes,07:00,1
41414141,viernes,08:00,1
41414141,viernes,09:00,1
41414141,viernes,10:00,1
41414141,viernes,11:00,1
41414141,viernes,12:00,1
41414141,viernes,14:00,1
41414141,viernes,15:00,1
41414141,viernes,16:00,1
41414141,viernes,17:00,1
41414141,viernes,18:00,1
41414141,viernes,19:00,1
41414141,viernes,20:00,1
41414141,sabado,07:00,1
41414141,sabado,08:00,1
41414141,sabado,09:00,1
41414141,sabado,10:00,1
41414141,sabado,11:00,1
41414141,sabado,12:00,1
41414141,sabado,14:00,1
41414141,sabado,15:00,1
41414141,sabado,16:00,1
41414141,sabado,17:00,1
41414141,sabado,18:00,1
41414141,sabado,19:00,1
41414141,sabado,20:00,1
43434343,lunes,07:00,1
43434343,lunes,08:00,1
43434343,lunes,09:00,1
43434343,lunes,10:00,1
43434343,lunes,11:00,1
43434343,lunes,12:00,1
43434343,lunes,14:00,1
43434343,lunes,15:00,1
43434343,lunes,16:00,1
43434343,lunes,17:00,1
43434343,lunes,18:00,1
43434343,lunes,19:00,1
43434343,lunes,20:00,1
43434343,martes,07:00,1
43434343,martes,08:00,1
43434343,martes,09:00,1
43434343,martes,10:00,1
43434343,martes,11:00,1
43434343,martes,12:00,1
43434343,martes,14:00,1
43434343,martes,15:00,1
43434343,martes,16:00,1
43434343,martes,17:00,1
43434343,martes,18:00,1
43434343,martes,19:00,1
43434343,martes,20:00,1
43434343,miercoles,07:00,1
43434343,miercoles,08:00,1
43434343,miercoles,09:00,1
43434343,miercoles,10:00,1
43434343,miercoles,11:00,1
43434343,miercoles,12:00,1
43434343,miercoles,14:00,1
43434343,miercoles,15:00,1
43434343,miercoles,16:00,1
43434343,miercoles,17:00,1
43434343,miercoles,18:00,1
43434343,miercoles,19:00,1
43434343,miercoles,20:00,1
43434343,jueves,07:00,1
43434343,jueves,08:00,1
43434343,jueves,09:00,1
43434343,jueves,10:00,1
43434343,jueves,11:00,1
43434343,jueves,12:00,1
43434343,jueves,14:00,1
43434343,jueves,15:00,1
43434343,jueves,16:00,1
43434343,jueves,17:00,1
43434343,jueves,18:00,1
43434343,jueves,19:00,1
43434343,jueves,20:00,1
43434343,viernes,07:00,1
43434343,viernes,08:00,1
43434343,viernes,09:00,1
43434343,viernes,10:00,1
43434343,viernes,11:00,1
43434343,viernes,12:00,1
43434343,viernes,14:00,1
43434343,viernes,15:00,1
43434343,viernes,16:00,1
43434343,viernes,17:00,1
43434343,viernes,18:00,1
43434343,viernes,19:00,1
43434343,viernes,20:00,1
43434343,sabado,07:00,1
43434343,sabado,08:00,1
43434343,sabado,09:00,1
43434343,sabado,10:00,1
43434343,sabado,11:00,1
43434343,sabado,12:00,1
43434343,sabado,14:00,1
43434343,sabado,15:00,1
43434343,sabado,16:00,1
43434343,sabado,17:00,1
43434343,sabado,18:00,1
43434343,sabado,19:00,1
43434343,sabado,20:00,1
77777777,lunes,07:00,1
77777777,lunes,08:00,1
77777777,lunes,09:00,1
77777777,lunes,10:00,1
77777777,lunes,11:00,1
77777777,lunes,12:00,1
77777777,lunes,14:00,1
77777777,lunes,15:00,1
77777777,lunes,16:00,1
77777777,lunes,17:00,1
77777777,lunes,18:00,1
77777777,lunes,19:00,1
77777777,lunes,20:00,1
77777777,martes,07:00,1
77777777,martes,08:00,1
77777777,martes,09:00,1
77777777,martes,10:00,1
77777777,martes,11:00,1
77777777,martes,12:00,1
77777777,martes,14:00,1
77777777,martes,15:00,1
77777777,martes,16:00,1
77777777,martes,17:00,1
77777777,martes,18:00,1
77777777,martes,19:00,1
77777777,martes,20:00,1
77777777,miercoles,07:00,1
77777777,miercoles,08:00,1
77777777,miercoles,09:00,1
77777777,miercoles,10:00,1
77777777,miercoles,11:00,1
77777777,miercoles,12:00,1
77777777,miercoles,14:00,1
77777777,miercoles,15:00,1
77777777,miercoles,16:00,1
77777777,miercoles,17:00,1
77777777,miercoles,18:00,1
77777777,miercoles,19:00,1
77777777,miercoles,20:00,1
77777777,jueves,07:00,1
77777777,jueves,08:00,1
77777777,jueves,09:00,1
77777777,jueves,10:00,1
77777777,jueves,11:00,1
77777777,jueves,12:00,1
77777777,jueves,14:00,1
77777777,jueves,15:00,1
77777777,jueves,16:00,1
77777777,jueves,17:00,1
77777777,jueves,18:00,1
77777777,jueves,19:00,1
77777777,jueves,20:00,1
77777777,viernes,07:00,1
77777777,viernes,08:00,1
77777777,viernes,09:00,1
77777777,viernes,10:00,1
77777777,viernes,11:00,1
77777777,viernes,12:00,1
77777777,viernes,14:00,1
77777777,viernes,15:00,1
77777777,viernes,16:00,1
77777777,viernes,17:00,1
77777777,viernes,18:00,1
77777777,viernes,19:00,1
77777777,viernes,20:00,1
77777777,sabado,07:00,1
77777777,sabado,08:00,1
77777777,sabado,09:00,1
77777777,sabado,10:00,1
77777777,sabado,11:00,1
77777777,sabado,12:00,1
77777777,sabado,14:00,1
77777777,sabado,15:00,1
77777777,sabado,16:00,1
77777777,sabado,17:00,1
77777777,sabado,18:00,1
77777777,sabado,19:00,1
77777777,sabado,20:00,1
44444445,lunes,07:00,1
44444445,lunes,08:00,1
44444445,lunes,09:00,1
44444445,lunes,10:00,1
44444445,lunes,11:00,1
44444445,lunes,12:00,1
44444445,lunes,14:00,1
44444445,lunes,15:00,1
44444445,lunes,16:00,1
44444445,lunes,17:00,1
44444445,lunes,18:00,1
44444445,lunes,19:00,1
44444445,lunes,20:00,1
44444445,martes,07:00,1
44444445,martes,08:00,1
44444445,martes,09:00,1
44444445,martes,10:00,1
44444445,martes,11:00,1
44444445,martes,12:00,1
44444445,martes,14:00,1
44444445,martes,15:00,1
44444445,martes,16:00,1
44444445,martes,17:00,1
44444445,martes,18:00,1
44444445,martes,19:00,1
44444445,martes,20:00,1
44444445,miercoles,07:00,1
44444445,miercoles,08:00,1
44444445,miercoles,09:00,1
44444445,miercoles,10:00,1
44444445,miercoles,11:00,1
44444445,miercoles,12:00,1
44444445,miercoles,14:00,1
44444445,miercoles,15:00,1
44444445,miercoles,16:00,1
44444445,miercoles,17:00,1
44444445,miercoles,18:00,1
44444445,miercoles,19:00,1
44444445,miercoles,20:00,1
44444445,jueves,07:00,1
44444445,jueves,08:00,1
44444445,jueves,09:00,1
44444445,jueves,10:00,1
44444445,jueves,11:00,1
44444445,jueves,12:00,1
44444445,jueves,14:00,1
44444445,jueves,15:00,1
44444445,jueves,16:00,1
44444445,jueves,17:00,1
44444445,jueves,18:00,1
44444445,jueves,19:00,1
44444445,jueves,20:00,1
44444445,viernes,07:00,1
44444445,viernes,08:00,1
44444445,viernes,09:00,1
44444445,viernes,10:00,1
44444445,viernes,11:00,1
44444445,viernes,12:00,1
44444445,viernes,14:00,1
44444445,viernes,15:00,1
44444445,viernes,16:00,1
44444445,viernes,17:00,1
44444445,viernes,18:00,1
44444445,viernes,19:00,1
44444445,viernes,20:00,1
44444445,sabado,07:00,1
44444445,sabado,08:00,1
44444445,sabado,09:00,1
44444445,sabado,10:00,1
44444445,sabado,11:00,1
44444445,sabado,12:00,1
44444445,sabado,14:00,1
44444445,sabado,15:00,1
44444445,sabado,16:00,1
44444445,sabado,17:00,1
44444445,sabado,18:00,1
44444445,sabado,19:00,1
44444445,sabado,20:00,1
20202020,lunes,07:00,1
20202020,lunes,08:00,1
20202020,lunes,09:00,1
20202020,lunes,10:00,1
20202020,lunes,11:00,1
20202020,lunes,12:00,1
20202020,lunes,14:00,1
20202020,lunes,15:00,1
20202020,lunes,16:00,1
20202020,lunes,17:00,1
20202020,lunes,18:00,1
20202020,lunes,19:00,1
20202020,lunes,20:00,1
20202020,martes,07:00,1
20202020,martes,08:00,1
20202020,martes,09:00,1
20202020,martes,10:00,1
20202020,martes,11:00,1
20202020,martes,12:00,1
20202020,martes,14:00,1
20202020,martes,15:00,1
20202020,martes,16:00,1
20202020,martes,17:00,1
20202020,martes,18:00,1
20202020,martes,19:00,1
20202020,martes,20:00,1
20202020,miercoles,07:00,1
20202020,miercoles,08:00,1
20202020,miercoles,09:00,1
20202020,miercoles,10:00,1
20202020,miercoles,11:00,1
20202020,miercoles,12:00,1
20202020,miercoles,14:00,1
20202020,miercoles,15:00,1
20202020,miercoles,16:00,1
20202020,miercoles,17:00,1
20202020,miercoles,18:00,1
20202020,miercoles,19:00,1
20202020,miercoles,20:00,1
20202020,jueves,07:00,1
20202020,jueves,08:00,1
20202020,jueves,09:00,1
20202020,jueves,10:00,1
20202020,jueves,11:00,1
20202020,jueves,12:00,1
20202020,jueves,14:00,1
20202020,jueves,15:00,1
20202020,jueves,16:00,1
20202020,jueves,17:00,1
20202020,jueves,18:00,1
20202020,jueves,19:00,1
20202020,jueves,20:00,1
20202020,viernes,07:00,1
20202020,viernes,08:00,1
20202020,viernes,09:00,1
20202020,viernes,10:00,1
20202020,viernes,11:00,1
20202020,viernes,12:00,1
20202020,viernes,14:00,1
20202020,viernes,15:00,1
20202020,viernes,16:00,1
20202020,viernes,17:00,1
20202020,viernes,18:00,1
20202020,viernes,19:00,1
20202020,viernes,20:00,1
20202020,sabado,07:00,1
20202020,sabado,08:00,1
20202020,sabado,09:00,1
20202020,sabado,10:00,1
20202020,sabado,11:00,1
20202020,sabado,12:00,1
20202020,sabado,14:00,1
20202020,sabado,15:00,1
20202020,sabado,16:00,1
20202020,sabado,17:00,1
20202020,sabado,18:00,1
20202020,sabado,19:00,1
20202020,sabado,20:00,1
30303030,lunes,07:00,1
30303030,lunes,08:00,1
30303030,lunes,09:00,1
30303030,lunes,10:00,1
30303030,lunes,11:00,1
30303030,lunes,12:00,1
30303030,lunes,14:00,1
30303030,lunes,15:00,1
30303030,lunes,16:00,1
30303030,lunes,17:00,1
30303030,lunes,18:00,1
30303030,lunes,19:00,1
30303030,lunes,20:00,1
30303030,martes,07:00,1
30303030,martes,08:00,1
30303030,martes,09:00,1
30303030,martes,10:00,1
30303030,martes,11:00,1
30303030,martes,12:00,1
30303030,martes,14:00,1
30303030,martes,15:00,1
30303030,martes,16:00,1
30303030,martes,17:00,1
30303030,martes,18:00,1
30303030,martes,19:00,1
30303030,martes,20:00,1
52525252,lunes,07:00,1
52525252,lunes,08:00,1
52525252,lunes,09:00,1
52525252,lunes,10:00,1
52525252,lunes,11:00,1
52525252,lunes,12:00,1
52525252,lunes,14:00,1
52525252,lunes,15:00,1
52525252,lunes,16:00,1
52525252,lunes,17:00,1
52525252,lunes,18:00,1
52525252,lunes,19:00,1
52525252,lunes,20:00,1
52525252,martes,07:00,1
52525252,martes,08:00,1
52525252,martes,09:00,1
52525252,martes,10:00,1
52525252,martes,11:00,1
52525252,martes,12:00,1
52525252,martes,14:00,1
52525252,martes,15:00,1
52525252,martes,16:00,1
52525252,martes,17:00,1
52525252,martes,18:00,1
52525252,martes,19:00,1
52525252,martes,20:00,1
52525252,miercoles,07:00,1
52525252,miercoles,08:00,1
52525252,miercoles,09:00,1
52525252,miercoles,10:00,1
52525252,miercoles,11:00,1
52525252,miercoles,12:00,1
52525252,miercoles,14:00,1
52525252,miercoles,15:00,1
52525252,miercoles,16:00,1
52525252,miercoles,17:00,1
52525252,miercoles,18:00,1
52525252,miercoles,19:00,1
52525252,miercoles,20:00,1
52525252,jueves,07:00,1
52525252,jueves,08:00,1
52525252,jueves,09:00,1
52525252,jueves,10:00,1
52525252,jueves,11:00,1
52525252,jueves,12:00,1
52525252,jueves,14:00,1
52525252,jueves,15:00,1
52525252,jueves,16:00,1
52525252,jueves,17:00,1
52525252,jueves,18:00,1
52525252,jueves,19:00,1
52525252,jueves,20:00,1
52525252,viernes,07:00,1
52525252,viernes,08:00,1
52525252,viernes,09:00,1
52525252,viernes,10:00,1
52525252,viernes,11:00,1
52525252,viernes,12:00,1
52525252,viernes,14:00,1
52525252,viernes,15:00,1
52525252,viernes,16:00,1
52525252,viernes,17:00,1
52525252,viernes,18:00,1
52525252,viernes,19:00,1
52525252,viernes,20:00,1
52525252,sabado,07:00,1
52525252,sabado,08:00,1
52525252,sabado,09:00,1
52525252,sabado,10:00,1
52525252,sabado,11:00,1
52525252,sabado,12:00,1
52525252,sabado,14:00,1
52525252,sabado,15:00,1
52525252,sabado,16:00,1
52525252,sabado,17:00,1
52525252,sabado,18:00,1
52525252,sabado,19:00,1
52525252,sabado,20:00,1
22222223,lunes,07:00,1
22222223,lunes,08:00,1
22222223,lunes,09:00,1
22222223,lunes,10:00,1
22222223,lunes,11:00,1
22222223,lunes,12:00,1
22222223,lunes,14:00,1
22222223,lunes,15:00,1
22222223,lunes,16:00,1
22222223,lunes,17:00,1
22222223,lunes,18:00,1
22222223,lunes,19:00,1
22222223,lunes,20:00,1
22222223,martes,07:00,1
22222223,martes,08:00,1
22222223,martes,09:00,1
22222223,martes,10:00,1
22222223,martes,11:00,1
22222223,martes,12:00,1
22222223,martes,14:00,1
22222223,martes,15:00,1
22222223,martes,16:00,1
22222223,martes,17:00,1
22222223,martes,18:00,1
22222223,martes,19:00,1
22222223,martes,20:00,1
22222223,miercoles,07:00,1
22222223,miercoles,08:00,1
22222223,miercoles,09:00,1
22222223,miercoles,10:00,1
22222223,miercoles,11:00,1
22222223,miercoles,12:00,1
22222223,miercoles,14:00,1
22222223,miercoles,15:00,1
22222223,miercoles,16:00,1
22222223,miercoles,17:00,1
22222223,miercoles,18:00,1
22222223,miercoles,19:00,1
22222223,miercoles,20:00,1
22222223,jueves,07:00,1
22222223,jueves,08:00,1
22222223,jueves,09:00,1
22222223,jueves,10:00,1
22222223,jueves,11:00,1
22222223,jueves,12:00,1
22222223,jueves,14:00,1
22222223,jueves,15:00,1
22222223,jueves,16:00,1
22222223,jueves,17:00,1
22222223,jueves,18:00,1
22222223,jueves,19:00,1
22222223,jueves,20:00,1
22222223,viernes,07:00,1
22222223,viernes,08:00,1
22222223,viernes,09:00,1
22222223,viernes,10:00,1
22222223,viernes,11:00,1
22222223,viernes,12:00,1
22222223,viernes,14:00,1
22222223,viernes,15:00,1
22222223,viernes,16:00,1
22222223,viernes,17:00,1
22222223,viernes,18:00,1
22222223,viernes,19:00,1
22222223,viernes,20:00,1
22222223,sabado,07:00,1
22222223,sabado,08:00,1
22222223,sabado,09:00,1
22222223,sabado,10:00,1
22222223,sabado,11:00,1
22222223,sabado,12:00,1
22222223,sabado,14:00,1
22222223,sabado,15:00,1
22222223,sabado,16:00,1
22222223,sabado,17:00,1
22222223,sabado,18:00,1
22222223,sabado,19:00,1
22222223,sabado,20:00,1
38383838,lunes,07:00,1
38383838,lunes,08:00,1
38383838,lunes,09:00,1
38383838,lunes,10:00,1
38383838,lunes,11:00,1
38383838,lunes,12:00,1
38383838,lunes,14:00,1
38383838,lunes,15:00,1
38383838,lunes,16:00,1
38383838,lunes,17:00,1
38383838,lunes,18:00,1
38383838,lunes,19:00,1
38383838,lunes,20:00,1
38383838,martes,07:00,1
38383838,martes,08:00,1
38383838,martes,09:00,1
38383838,martes,10:00,1
38383838,martes,11:00,1
38383838,martes,12:00,1
38383838,martes,14:00,1
38383838,martes,15:00,1
38383838,martes,16:00,1
38383838,martes,17:00,1
38383838,martes,18:00,1
38383838,martes,19:00,1
38383838,martes,20:00,1
38383838,miercoles,07:00,1
38383838,miercoles,08:00,1
38383838,miercoles,09:00,1
38383838,miercoles,10:00,1
38383838,miercoles,11:00,1
38383838,miercoles,12:00,1
38383838,miercoles,14:00,1
38383838,miercoles,15:00,1
38383838,miercoles,16:00,1
38383838,miercoles,17:00,1
38383838,miercoles,18:00,1
38383838,miercoles,19:00,1
38383838,miercoles,20:00,1
38383838,jueves,07:00,1
38383838,jueves,08:00,1
38383838,jueves,09:00,1
38383838,jueves,10:00,1
38383838,jueves,11:00,1
38383838,jueves,12:00,1
38383838,jueves,14:00,1
38383838,jueves,15:00,1
38383838,jueves,16:00,1
38383838,jueves,17:00,1
38383838,jueves,18:00,1
38383838,jueves,19:00,1
38383838,jueves,20:00,1
38383838,viernes,07:00,1
38383838,viernes,08:00,1
38383838,viernes,09:00,1
38383838,viernes,10:00,1
38383838,viernes,11:00,1
38383838,viernes,12:00,1
38383838,viernes,14:00,1
38383838,viernes,15:00,1
38383838,viernes,16:00,1
38383838,viernes,17:00,1
38383838,viernes,18:00,1
38383838,viernes,19:00,1
38383838,viernes,20:00,1
38383838,sabado,07:00,1
38383838,sabado,08:00,1
38383838,sabado,09:00,1
38383838,sabado,10:00,1
38383838,sabado,11:00,1
38383838,sabado,12:00,1
38383838,sabado,14:00,1
38383838,sabado,15:00,1
38383838,sabado,16:00,1
38383838,sabado,17:00,1
38383838,sabado,18:00,1
38383838,sabado,19:00,1
38383838,sabado,20:00,1
31313131,lunes,07:00,1
31313131,lunes,08:00,1
31313131,lunes,09:00,1
31313131,lunes,10:00,1
31313131,lunes,11:00,1
31313131,lunes,12:00,1
31313131,lunes,14:00,1
31313131,lunes,15:00,1
31313131,lunes,16:00,1
31313131,lunes,17:00,1
31313131,lunes,18:00,1
31313131,lunes,19:00,1
31313131,lunes,20:00,1
31313131,martes,07:00,1
31313131,martes,08:00,1
31313131,martes,09:00,1
31313131,martes,10:00,1
31313131,martes,11:00,1
31313131,martes,12:00,1
31313131,martes,14:00,1
31313131,martes,15:00,1
31313131,martes,16:00,1
31313131,martes,17:00,1
31313131,martes,18:00,1
31313131,martes,19:00,1
31313131,martes,20:00,1
31313131,miercoles,07:00,1
31313131,miercoles,08:00,1
31313131,miercoles,09:00,1
31313131,miercoles,10:00,1
31313131,miercoles,11:00,1
31313131,miercoles,12:00,1
31313131,miercoles,14:00,1
31313131,miercoles,15:00,1
31313131,miercoles,16:00,1
31313131,miercoles,17:00,1
31313131,miercoles,18:00,1
31313131,miercoles,19:00,1
31313131,miercoles,20:00,1
31313131,jueves,07:00,1
31313131,jueves,08:00,1
31313131,jueves,09:00,1
31313131,jueves,10:00,1
31313131,jueves,11:00,1
31313131,jueves,12:00,1
31313131,jueves,14:00,1
31313131,jueves,15:00,1
31313131,jueves,16:00,1
31313131,jueves,17:00,1
31313131,jueves,18:00,1
31313131,jueves,19:00,1
31313131,jueves,20:00,1
31313131,viernes,07:00,1
31313131,viernes,08:00,1
31313131,viernes,09:00,1
31313131,viernes,10:00,1
31313131,viernes,11:00,1
31313131,viernes,12:00,1
31313131,viernes,14:00,1
31313131,viernes,15:00,1
31313131,viernes,16:00,1
31313131,viernes,17:00,1
31313131,viernes,18:00,1
31313131,viernes,19:00,1
31313131,viernes,20:00,1
31313131,sabado,07:00,1
31313131,sabado,08:00,1
31313131,sabado,09:00,1
31313131,sabado,10:00,1
31313131,sabado,11:00,1
31313131,sabado,12:00,1
31313131,sabado,14:00,1
31313131,sabado,15:00,1
31313131,sabado,16:00,1
31313131,sabado,17:00,1
31313131,sabado,18:00,1
31313131,sabado,19:00,1
31313131,sabado,20:00,1
11111111,lunes,07:00,1
11111111,lunes,08:00,1
11111111,lunes,09:00,1
11111111,lunes,10:00,1
11111111,lunes,11:00,1
11111111,lunes,12:00,1
11111111,lunes,14:00,1
11111111,lunes,15:00,1
11111111,lunes,16:00,1
11111111,lunes,17:00,1
11111111,lunes,18:00,1
11111111,lunes,19:00,1
11111111,lunes,20:00,1
11111111,martes,07:00,1
11111111,martes,08:00,1
11111111,martes,09:00,1
11111111,martes,10:00,1
11111111,martes,11:00,1
11111111,martes,12:00,1
11111111,martes,14:00,1
11111111,martes,15:00,1
11111111,martes,16:00,1
11111111,martes,17:00,1
11111111,martes,18:00,1
11111111,martes,19:00,1
11111111,martes,20:00,1
11111111,miercoles,07:00,1
11111111,miercoles,08:00,1
11111111,miercoles,09:00,1
11111111,miercoles,10:00,1
11111111,miercoles,11:00,1
11111111,miercoles,12:00,1
11111111,miercoles,14:00,1
11111111,miercoles,15:00,1
11111111,miercoles,16:00,1
11111111,miercoles,17:00,1
11111111,miercoles,18:00,1
11111111,miercoles,19:00,1
11111111,miercoles,20:00,1
11111111,jueves,07:00,1
11111111,jueves,08:00,1
11111111,jueves,09:00,1
11111111,jueves,10:00,1
11111111,jueves,11:00,1
11111111,jueves,12:00,1
11111111,jueves,14:00,1
11111111,jueves,15:00,1
11111111,jueves,16:00,1
11111111,jueves,17:00,1
11111111,jueves,18:00,1
11111111,jueves,19:00,1
11111111,jueves,20:00,1
11111111,viernes,07:00,1
11111111,viernes,08:00,1
11111111,viernes,09:00,1
11111111,viernes,10:00,1
11111111,viernes,11:00,1
11111111,viernes,12:00,1
11111111,viernes,14:00,1
11111111,viernes,15:00,1
11111111,viernes,16:00,1
11111111,viernes,17:00,1
11111111,viernes,18:00,1
11111111,viernes,19:00,1
11111111,viernes,20:00,1
11111111,sabado,07:00,1
11111111,sabado,08:00,1
11111111,sabado,09:00,1
11111111,sabado,10:00,1
11111111,sabado,11:00,1
11111111,sabado,12:00,1
11111111,sabado,14:00,1
11111111,sabado,15:00,1
11111111,sabado,16:00,1
11111111,sabado,17:00,1
11111111,sabado,18:00,1
11111111,sabado,19:00,1
11111111,sabado,20:00,1
29292929,lunes,07:00,1
29292929,lunes,08:00,1
29292929,lunes,09:00,1
29292929,lunes,10:00,1
29292929,lunes,11:00,1
29292929,lunes,12:00,1
29292929,lunes,14:00,1
29292929,lunes,15:00,1
29292929,lunes,16:00,1
29292929,lunes,17:00,1
29292929,lunes,18:00,1
29292929,lunes,19:00,1
29292929,lunes,20:00,1
29292929,martes,07:00,1
29292929,martes,08:00,1
29292929,martes,09:00,1
29292929,martes,10:00,1
29292929,martes,11:00,1
29292929,martes,12:00,1
29292929,martes,14:00,1
29292929,martes,15:00,1
29292929,martes,16:00,1
29292929,martes,17:00,1
29292929,martes,18:00,1
29292929,martes,19:00,1
29292929,martes,20:00,1
29292929,miercoles,07:00,1
29292929,miercoles,08:00,1
29292929,miercoles,09:00,1
29292929,miercoles,10:00,1
29292929,miercoles,11:00,1
29292929,miercoles,12:00,1
29292929,miercoles,14:00,1
29292929,miercoles,15:00,1
29292929,miercoles,16:00,1
29292929,miercoles,17:00,1
29292929,miercoles,18:00,1
29292929,miercoles,19:00,1
29292929,miercoles,20:00,1
29292929,jueves,07:00,1
29292929,jueves,08:00,1
29292929,jueves,09:00,1
29292929,jueves,10:00,1
29292929,jueves,11:00,1
29292929,jueves,12:00,1
29292929,jueves,14:00,1
29292929,jueves,15:00,1
29292929,jueves,16:00,1
29292929,jueves,17:00,1
29292929,jueves,18:00,1
29292929,jueves,19:00,1
29292929,jueves,20:00,1
29292929,viernes,07:00,1
29292929,viernes,08:00,1
29292929,viernes,09:00,1
29292929,viernes,10:00,1
29292929,viernes,11:00,1
29292929,viernes,12:00,1
29292929,viernes,14:00,1
29292929,viernes,15:00,1
29292929,viernes,16:00,1
29292929,viernes,17:00,1
29292929,viernes,18:00,1
29292929,viernes,19:00,1
29292929,viernes,20:00,1
29292929,sabado,07:00,1
29292929,sabado,08:00,1
29292929,sabado,09:00,1
29292929,sabado,10:00,1
29292929,sabado,11:00,1
29292929,sabado,12:00,1
29292929,sabado,14:00,1
29292929,sabado,15:00,1
29292929,sabado,16:00,1
29292929,sabado,17:00,1
29292929,sabado,18:00,1
29292929,sabado,19:00,1
29292929,sabado,20:00,1
33333334,lunes,07:00,1
33333334,lunes,08:00,1
33333334,lunes,09:00,1
33333334,lunes,10:00,1
33333334,lunes,11:00,1
33333334,lunes,12:00,1
33333334,lunes,14:00,1
33333334,lunes,15:00,1
33333334,lunes,16:00,1
33333334,lunes,17:00,1
33333334,lunes,18:00,1
33333334,lunes,19:00,1
33333334,lunes,20:00,1
33333334,martes,07:00,1
33333334,martes,08:00,1
33333334,martes,09:00,1
33333334,martes,10:00,1
33333334,martes,11:00,1
33333334,martes,12:00,1
33333334,martes,14:00,1
33333334,martes,15:00,1
33333334,martes,16:00,1
33333334,martes,17:00,1
33333334,martes,18:00,1
33333334,martes,19:00,1
33333334,martes,20:00,1
33333334,miercoles,07:00,1
33333334,miercoles,08:00,1
33333334,miercoles,09:00,1
33333334,miercoles,10:00,1
33333334,miercoles,11:00,1
33333334,miercoles,12:00,1
33333334,miercoles,14:00,1
33333334,miercoles,15:00,1
33333334,miercoles,16:00,1
33333334,miercoles,17:00,1
33333334,miercoles,18:00,1
33333334,miercoles,19:00,1
33333334,miercoles,20:00,1
33333334,jueves,07:00,1
33333334,jueves,08:00,1
33333334,jueves,09:00,1
33333334,jueves,10:00,1
33333334,jueves,11:00,1
33333334,jueves,12:00,1
33333334,jueves,14:00,1
33333334,jueves,15:00,1
33333334,jueves,16:00,1
33333334,jueves,17:00,1
33333334,jueves,18:00,1
33333334,jueves,19:00,1
33333334,jueves,20:00,1
33333334,viernes,07:00,1
33333334,viernes,08:00,1
33333334,viernes,09:00,1
33333334,viernes,10:00,1
33333334,viernes,11:00,1
33333334,viernes,12:00,1
33333334,viernes,14:00,1
33333334,viernes,15:00,1
33333334,viernes,16:00,1
33333334,viernes,17:00,1
33333334,viernes,18:00,1
33333334,viernes,19:00,1
33333334,viernes,20:00,1
33333334,sabado,07:00,1
33333334,sabado,08:00,1
33333334,sabado,09:00,1
33333334,sabado,10:00,1
33333334,sabado,11:00,1
33333334,sabado,12:00,1
33333334,sabado,14:00,1
33333334,sabado,15:00,1
33333334,sabado,16:00,1
33333334,sabado,17:00,1
33333334,sabado,18:00,1
33333334,sabado,19:00,1
33333334,sabado,20:00,1
28282828,lunes,07:00,1
28282828,lunes,08:00,1
28282828,lunes,09:00,1
28282828,lunes,10:00,1
28282828,lunes,11:00,1
28282828,lunes,12:00,1
28282828,lunes,14:00,1
28282828,lunes,15:00,1
28282828,lunes,16:00,1
28282828,lunes,17:00,1
28282828,lunes,18:00,1
28282828,lunes,19:00,1
28282828,lunes,20:00,1
28282828,martes,07:00,1
28282828,martes,08:00,1
28282828,martes,09:00,1
28282828,martes,10:00,1
28282828,martes,11:00,1
28282828,martes,12:00,1
28282828,martes,14:00,1
28282828,martes,15:00,1
28282828,martes,16:00,1
28282828,martes,17:00,1
28282828,martes,18:00,1
28282828,martes,19:00,1
28282828,martes,20:00,1
28282828,miercoles,07:00,1
28282828,miercoles,08:00,1
28282828,miercoles,09:00,1
28282828,miercoles,10:00,1
28282828,miercoles,11:00,1
28282828,miercoles,12:00,1
28282828,miercoles,14:00,1
28282828,miercoles,15:00,1
28282828,miercoles,16:00,1
28282828,miercoles,17:00,1
28282828,miercoles,18:00,1
28282828,miercoles,19:00,1
28282828,miercoles,20:00,1
28282828,jueves,07:00,1
28282828,jueves,08:00,1
28282828,jueves,09:00,1
28282828,jueves,10:00,1
28282828,jueves,11:00,1
28282828,jueves,12:00,1
28282828,jueves,14:00,1
28282828,jueves,15:00,1
28282828,jueves,16:00,1
28282828,jueves,17:00,1
28282828,jueves,18:00,1
28282828,jueves,19:00,1
28282828,jueves,20:00,1
28282828,viernes,07:00,1
28282828,viernes,08:00,1
28282828,viernes,09:00,1
28282828,viernes,10:00,1
28282828,viernes,11:00,1
28282828,viernes,12:00,1
28282828,viernes,14:00,1
28282828,viernes,15:00,1
28282828,viernes,16:00,1
28282828,viernes,17:00,1
28282828,viernes,18:00,1
28282828,viernes,19:00,1
28282828,viernes,20:00,1
28282828,sabado,07:00,1
28282828,sabado,08:00,1
28282828,sabado,09:00,1
28282828,sabado,10:00,1
28282828,sabado,11:00,1
28282828,sabado,12:00,1
28282828,sabado,14:00,1
28282828,sabado,15:00,1
28282828,sabado,16:00,1
28282828,sabado,17:00,1
28282828,sabado,18:00,1
28282828,sabado,19:00,1
28282828,sabado,20:00,1
57575757,lunes,07:00,1
57575757,lunes,08:00,1
57575757,lunes,09:00,1
57575757,lunes,10:00,1
57575757,lunes,11:00,1
57575757,lunes,12:00,1
57575757,lunes,14:00,1
57575757,lunes,15:00,1
57575757,lunes,16:00,1
57575757,lunes,17:00,1
57575757,lunes,18:00,1
57575757,lunes,19:00,1
57575757,lunes,20:00,1
57575757,martes,07:00,1
57575757,martes,08:00,1
57575757,martes,09:00,1
57575757,martes,10:00,1
57575757,martes,11:00,1
57575757,martes,12:00,1
57575757,martes,14:00,1
57575757,martes,15:00,1
57575757,martes,16:00,1
57575757,martes,17:00,1
57575757,martes,18:00,1
57575757,martes,19:00,1
57575757,martes,20:00,1
57575757,miercoles,07:00,1
57575757,miercoles,08:00,1
57575757,miercoles,09:00,1
57575757,miercoles,10:00,1
57575757,miercoles,11:00,1
57575757,miercoles,12:00,1
57575757,miercoles,14:00,1
57575757,miercoles,15:00,1
57575757,miercoles,16:00,1
57575757,miercoles,17:00,1
57575757,miercoles,18:00,1
57575757,miercoles,19:00,1
57575757,miercoles,20:00,1
57575757,jueves,07:00,1
57575757,jueves,08:00,1
57575757,jueves,09:00,1
57575757,jueves,10:00,1
57575757,jueves,11:00,1
57575757,jueves,12:00,1
57575757,jueves,14:00,1
57575757,jueves,15:00,1
57575757,jueves,16:00,1
57575757,jueves,17:00,1
57575757,jueves,18:00,1
57575757,jueves,19:00,1
57575757,jueves,20:00,1
57575757,viernes,07:00,1
57575757,viernes,08:00,1
57575757,viernes,09:00,1
57575757,viernes,10:00,1
57575757,viernes,11:00,1
57575757,viernes,12:00,1
57575757,viernes,14:00,1
57575757,viernes,15:00,1
57575757,viernes,16:00,1
57575757,viernes,17:00,1
57575757,viernes,18:00,1
57575757,viernes,19:00,1
57575757,viernes,20:00,1
57575757,sabado,07:00,1
57575757,sabado,08:00,1
57575757,sabado,09:00,1
57575757,sabado,10:00,1
57575757,sabado,11:00,1
57575757,sabado,12:00,1
57575757,sabado,14:00,1
57575757,sabado,15:00,1
57575757,sabado,16:00,1
57575757,sabado,17:00,1
57575757,sabado,18:00,1
57575757,sabado,19:00,1
57575757,sabado,20:00,1
25252525,lunes,07:00,1
25252525,lunes,08:00,1
25252525,lunes,09:00,1
25252525,lunes,10:00,1
25252525,lunes,11:00,1
25252525,lunes,12:00,1
25252525,lunes,14:00,1
25252525,lunes,15:00,1
25252525,lunes,16:00,1
25252525,lunes,17:00,1
25252525,lunes,18:00,1
25252525,lunes,19:00,1
25252525,lunes,20:00,1
25252525,martes,07:00,1
25252525,martes,08:00,1
25252525,martes,09:00,1
25252525,martes,10:00,1
25252525,martes,11:00,1
25252525,martes,12:00,1
25252525,martes,14:00,1
25252525,martes,15:00,1
25252525,martes,16:00,1
25252525,martes,17:00,1
25252525,martes,18:00,1
25252525,martes,19:00,1
25252525,martes,20:00,1
25252525,miercoles,07:00,1
25252525,miercoles,08:00,1
25252525,miercoles,09:00,1
25252525,miercoles,10:00,1
25252525,miercoles,11:00,1
25252525,miercoles,12:00,1
25252525,miercoles,14:00,1
25252525,miercoles,15:00,1
25252525,miercoles,16:00,1
25252525,miercoles,17:00,1
25252525,miercoles,18:00,1
25252525,miercoles,19:00,1
25252525,miercoles,20:00,1
25252525,jueves,07:00,1
25252525,jueves,08:00,1
25252525,jueves,09:00,1
25252525,jueves,10:00,1
25252525,jueves,11:00,1
25252525,jueves,12:00,1
25252525,jueves,14:00,1
25252525,jueves,15:00,1
25252525,jueves,16:00,1
25252525,jueves,17:00,1
25252525,jueves,18:00,1
25252525,jueves,19:00,1
25252525,jueves,20:00,1
25252525,viernes,07:00,1
25252525,viernes,08:00,1
25252525,viernes,09:00,1
25252525,viernes,10:00,1
25252525,viernes,11:00,1
25252525,viernes,12:00,1
25252525,viernes,14:00,1
25252525,viernes,15:00,1
25252525,viernes,16:00,1
25252525,viernes,17:00,1
25252525,viernes,18:00,1
25252525,viernes,19:00,1
25252525,viernes,20:00,1
25252525,sabado,07:00,1
25252525,sabado,08:00,1
25252525,sabado,09:00,1
25252525,sabado,10:00,1
25252525,sabado,11:00,1
25252525,sabado,12:00,1
25252525,sabado,14:00,1
25252525,sabado,15:00,1
25252525,sabado,16:00,1
25252525,sabado,17:00,1
25252525,sabado,18:00,1
25252525,sabado,19:00,1
25252525,sabado,20:00,1
36363636,lunes,07:00,1
36363636,lunes,08:00,1
36363636,lunes,09:00,1
36363636,lunes,10:00,1
36363636,lunes,11:00,1
36363636,lunes,12:00,1
36363636,lunes,14:00,1
36363636,lunes,15:00,1
36363636,lunes,16:00,1
36363636,lunes,17:00,1
36363636,lunes,18:00,1
36363636,lunes,19:00,1
36363636,lunes,20:00,1
36363636,martes,07:00,1
36363636,martes,08:00,1
36363636,martes,09:00,1
36363636,martes,10:00,1
36363636,martes,11:00,1
36363636,martes,12:00,1
36363636,martes,14:00,1
36363636,martes,15:00,1
36363636,martes,16:00,1
36363636,martes,17:00,1
36363636,martes,18:00,1
36363636,martes,19:00,1
36363636,martes,20:00,1
36363636,miercoles,07:00,1
36363636,miercoles,08:00,1
36363636,miercoles,09:00,1
36363636,miercoles,10:00,1
36363636,miercoles,11:00,1
36363636,miercoles,12:00,1
36363636,miercoles,14:00,1
36363636,miercoles,15:00,1
36363636,miercoles,16:00,1
36363636,miercoles,17:00,1
36363636,miercoles,18:00,1
36363636,miercoles,19:00,1
36363636,miercoles,20:00,1
36363636,jueves,07:00,1
36363636,jueves,08:00,1
36363636,jueves,09:00,1
36363636,jueves,10:00,1
36363636,jueves,11:00,1
36363636,jueves,12:00,1
36363636,jueves,14:00,1
36363636,jueves,15:00,1
36363636,jueves,16:00,1
36363636,jueves,17:00,1
36363636,jueves,18:00,1
36363636,jueves,19:00,1
36363636,jueves,20:00,1
36363636,viernes,07:00,1
36363636,viernes,08:00,1
36363636,viernes,09:00,1
36363636,viernes,10:00,1
36363636,viernes,11:00,1
36363636,viernes,12:00,1
36363636,viernes,14:00,1
36363636,viernes,15:00,1
36363636,viernes,16:00,1
36363636,viernes,17:00,1
36363636,viernes,18:00,1
36363636,viernes,19:00,1
36363636,viernes,20:00,1
36363636,sabado,07:00,1
36363636,sabado,08:00,1
36363636,sabado,09:00,1
36363636,sabado,10:00,1
36363636,sabado,11:00,1
36363636,sabado,12:00,1
36363636,sabado,14:00,1
36363636,sabado,15:00,1
36363636,sabado,16:00,1
36363636,sabado,17:00,1
36363636,sabado,18:00,1
36363636,sabado,19:00,1
36363636,sabado,20:00,1
22222222,lunes,07:00,1
22222222,lunes,08:00,1
22222222,lunes,09:00,1
22222222,lunes,10:00,1
22222222,lunes,11:00,1
22222222,lunes,12:00,1
22222222,lunes,14:00,1
22222222,lunes,15:00,1
22222222,lunes,16:00,1
22222222,lunes,17:00,1
22222222,lunes,18:00,1
22222222,lunes,19:00,1
22222222,lunes,20:00,1
22222222,martes,07:00,1
22222222,martes,08:00,1
22222222,martes,09:00,1
22222222,martes,10:00,1
22222222,martes,11:00,1
22222222,martes,12:00,1
22222222,martes,14:00,1
22222222,martes,15:00,1
22222222,martes,16:00,1
22222222,martes,17:00,1
22222222,martes,18:00,1
22222222,martes,19:00,1
22222222,martes,20:00,1
22222222,miercoles,07:00,1
22222222,miercoles,08:00,1
22222222,miercoles,09:00,1
22222222,miercoles,10:00,1
22222222,miercoles,11:00,1
22222222,miercoles,12:00,1
22222222,miercoles,14:00,1
22222222,miercoles,15:00,1
22222222,miercoles,16:00,1
22222222,miercoles,17:00,1
22222222,miercoles,18:00,1
22222222,miercoles,19:00,1
22222222,miercoles,20:00,1
22222222,jueves,07:00,1
22222222,jueves,08:00,1
22222222,jueves,09:00,1
22222222,jueves,10:00,1
22222222,jueves,11:00,1
22222222,jueves,12:00,1
22222222,jueves,14:00,1
22222222,jueves,15:00,1
22222222,jueves,16:00,1
22222222,jueves,17:00,1
22222222,jueves,18:00,1
22222222,jueves,19:00,1
22222222,jueves,20:00,1
22222222,viernes,07:00,1
22222222,viernes,08:00,1
22222222,viernes,09:00,1
22222222,viernes,10:00,1
22222222,viernes,11:00,1
22222222,viernes,12:00,1
22222222,viernes,14:00,1
22222222,viernes,15:00,1
22222222,viernes,16:00,1
22222222,viernes,17:00,1
22222222,viernes,18:00,1
22222222,viernes,19:00,1
22222222,viernes,20:00,1
22222222,sabado,07:00,1
22222222,sabado,08:00,1
22222222,sabado,09:00,1
22222222,sabado,10:00,1
22222222,sabado,11:00,1
22222222,sabado,12:00,1
22222222,sabado,14:00,1
22222222,sabado,15:00,1
22222222,sabado,16:00,1
22222222,sabado,17:00,1
22222222,sabado,18:00,1
22222222,sabado,19:00,1
22222222,sabado,20:00,1
35353535,lunes,07:00,1
35353535,lunes,08:00,1
35353535,lunes,09:00,1
35353535,lunes,10:00,1
35353535,lunes,11:00,1
35353535,lunes,12:00,1
35353535,lunes,14:00,1
35353535,lunes,15:00,1
35353535,lunes,16:00,1
35353535,lunes,17:00,1
35353535,lunes,18:00,1
35353535,lunes,19:00,1
35353535,lunes,20:00,1
35353535,martes,07:00,1
35353535,martes,08:00,1
35353535,martes,09:00,1
35353535,martes,10:00,1
35353535,martes,11:00,1
35353535,martes,12:00,1
35353535,martes,14:00,1
35353535,martes,15:00,1
35353535,martes,16:00,1
35353535,martes,17:00,1
35353535,martes,18:00,1
35353535,martes,19:00,1
35353535,martes,20:00,1
35353535,miercoles,07:00,1
35353535,miercoles,08:00,1
35353535,miercoles,09:00,1
35353535,miercoles,10:00,1
35353535,miercoles,11:00,1
35353535,miercoles,12:00,1
35353535,miercoles,14:00,1
35353535,miercoles,15:00,1
35353535,miercoles,16:00,1
35353535,miercoles,17:00,1
35353535,miercoles,18:00,1
35353535,miercoles,19:00,1
35353535,miercoles,20:00,1
35353535,jueves,07:00,1
35353535,jueves,08:00,1
35353535,jueves,09:00,1
35353535,jueves,10:00,1
35353535,jueves,11:00,1
35353535,jueves,12:00,1
35353535,jueves,14:00,1
35353535,jueves,15:00,1
35353535,jueves,16:00,1
35353535,jueves,17:00,1
35353535,jueves,18:00,1
35353535,jueves,19:00,1
35353535,jueves,20:00,1
35353535,viernes,07:00,1
35353535,viernes,08:00,1
35353535,viernes,09:00,1
35353535,viernes,10:00,1
35353535,viernes,11:00,1
35353535,viernes,12:00,1
35353535,viernes,14:00,1
35353535,viernes,15:00,1
35353535,viernes,16:00,1
35353535,viernes,17:00,1
35353535,viernes,18:00,1
35353535,viernes,19:00,1
35353535,viernes,20:00,1
35353535,sabado,07:00,1
35353535,sabado,08:00,1
35353535,sabado,09:00,1
35353535,sabado,10:00,1
35353535,sabado,11:00,1
35353535,sabado,12:00,1
35353535,sabado,14:00,1
35353535,sabado,15:00,1
35353535,sabado,16:00,1
35353535,sabado,17:00,1
35353535,sabado,18:00,1
35353535,sabado,19:00,1
35353535,sabado,20:00,1
21212121,lunes,07:00,1
21212121,lunes,08:00,1
21212121,lunes,09:00,1
21212121,lunes,10:00,1
21212121,lunes,11:00,1
21212121,lunes,12:00,1
21212121,lunes,14:00,1
21212121,lunes,15:00,1
21212121,lunes,16:00,1
21212121,lunes,17:00,1
21212121,lunes,18:00,1
21212121,lunes,19:00,1
21212121,lunes,20:00,1
21212121,martes,07:00,1
21212121,martes,08:00,1
21212121,martes,09:00,1
21212121,martes,10:00,1
21212121,martes,11:00,1
21212121,martes,12:00,1
21212121,martes,14:00,1
21212121,martes,15:00,1
21212121,martes,16:00,1
21212121,martes,17:00,1
21212121,martes,18:00,1
21212121,martes,19:00,1
21212121,martes,20:00,1
34343434,lunes,07:00,1
34343434,lunes,08:00,1
34343434,lunes,09:00,1
34343434,lunes,10:00,1
34343434,lunes,11:00,1
34343434,lunes,12:00,1
34343434,lunes,14:00,1
34343434,lunes,15:00,1
34343434,lunes,16:00,1
34343434,lunes,17:00,1
34343434,lunes,18:00,1
34343434,lunes,19:00,1
34343434,lunes,20:00,1
34343434,martes,07:00,1
34343434,martes,08:00,1
34343434,martes,09:00,1
34343434,martes,10:00,1
34343434,martes,11:00,1
34343434,martes,12:00,1
34343434,martes,14:00,1
34343434,martes,15:00,1
34343434,martes,16:00,1
34343434,martes,17:00,1
34343434,martes,18:00,1
34343434,martes,19:00,1
34343434,martes,20:00,1
34343434,miercoles,07:00,1
34343434,miercoles,08:00,1
34343434,miercoles,09:00,1
34343434,miercoles,10:00,1
34343434,miercoles,11:00,1
34343434,miercoles,12:00,1
34343434,miercoles,14:00,1
34343434,miercoles,15:00,1
34343434,miercoles,16:00,1
34343434,miercoles,17:00,1
34343434,miercoles,18:00,1
34343434,miercoles,19:00,1
34343434,miercoles,20:00,1
34343434,jueves,07:00,1
34343434,jueves,08:00,1
34343434,jueves,09:00,1
34343434,jueves,10:00,1
34343434,jueves,11:00,1
34343434,jueves,12:00,1
34343434,jueves,14:00,1
34343434,jueves,15:00,1
34343434,jueves,16:00,1
34343434,jueves,17:00,1
34343434,jueves,18:00,1
34343434,jueves,19:00,1
34343434,jueves,20:00,1
34343434,viernes,07:00,1
34343434,viernes,08:00,1
34343434,viernes,09:00,1
34343434,viernes,10:00,1
34343434,viernes,11:00,1
34343434,viernes,12:00,1
34343434,viernes,14:00,1
34343434,viernes,15:00,1
34343434,viernes,16:00,1
34343434,viernes,17:00,1
34343434,viernes,18:00,1
34343434,viernes,19:00,1
34343434,viernes,20:00,1
34343434,sabado,07:00,1
34343434,sabado,08:00,1
34343434,sabado,09:00,1
34343434,sabado,10:00,1
34343434,sabado,11:00,1
34343434,sabado,12:00,1
34343434,sabado,14:00,1
34343434,sabado,15:00,1
34343434,sabado,16:00,1
34343434,sabado,17:00,1
34343434,sabado,18:00,1
34343434,sabado,19:00,1
34343434,sabado,20:00,1
62626262,lunes,07:00,1
62626262,lunes,08:00,1
62626262,lunes,09:00,1
62626262,lunes,10:00,1
62626262,lunes,11:00,1
62626262,lunes,12:00,1
62626262,lunes,14:00,1
62626262,lunes,15:00,1
62626262,lunes,16:00,1
62626262,lunes,17:00,1
62626262,lunes,18:00,1
62626262,lunes,19:00,1
62626262,lunes,20:00,1
62626262,martes,07:00,1
62626262,martes,08:00,1
62626262,martes,09:00,1
62626262,martes,10:00,1
62626262,martes,11:00,1
62626262,martes,12:00,1
62626262,martes,14:00,1
62626262,martes,15:00,1
62626262,martes,16:00,1
62626262,martes,17:00,1
62626262,martes,18:00,1
62626262,martes,19:00,1
62626262,martes,20:00,1
62626262,miercoles,07:00,1
62626262,miercoles,08:00,1
62626262,miercoles,09:00,1
62626262,miercoles,10:00,1
62626262,miercoles,11:00,1
62626262,miercoles,12:00,1
62626262,miercoles,14:00,1
62626262,miercoles,15:00,1
62626262,miercoles,16:00,1
62626262,miercoles,17:00,1
62626262,miercoles,18:00,1
62626262,miercoles,19:00,1
62626262,miercoles,20:00,1
62626262,jueves,07:00,1
62626262,jueves,08:00,1
62626262,jueves,09:00,1
62626262,jueves,10:00,1
62626262,jueves,11:00,1
62626262,jueves,12:00,1
62626262,jueves,14:00,1
62626262,jueves,15:00,1
62626262,jueves,16:00,1
62626262,jueves,17:00,1
62626262,jueves,18:00,1
62626262,jueves,19:00,1
62626262,jueves,20:00,1
62626262,viernes,07:00,1
62626262,viernes,08:00,1
62626262,viernes,09:00,1
62626262,viernes,10:00,1
62626262,viernes,11:00,1
62626262,viernes,12:00,1
62626262,viernes,14:00,1
62626262,viernes,15:00,1
62626262,viernes,16:00,1
62626262,viernes,17:00,1
62626262,viernes,18:00,1
62626262,viernes,19:00,1
62626262,viernes,20:00,1
62626262,sabado,07:00,1
62626262,sabado,08:00,1
62626262,sabado,09:00,1
62626262,sabado,10:00,1
62626262,sabado,11:00,1
62626262,sabado,12:00,1
62626262,sabado,14:00,1
62626262,sabado,15:00,1
62626262,sabado,16:00,1
62626262,sabado,17:00,1
62626262,sabado,18:00,1
62626262,sabado,19:00,1
62626262,sabado,20:00,1
33333333,lunes,07:00,1
33333333,lunes,08:00,1
33333333,lunes,09:00,1
33333333,lunes,10:00,1
33333333,lunes,11:00,1
33333333,lunes,12:00,1
33333333,lunes,14:00,1
33333333,lunes,15:00,1
33333333,lunes,16:00,1
33333333,lunes,17:00,1
33333333,lunes,18:00,1
33333333,lunes,19:00,1
33333333,lunes,20:00,1
33333333,martes,07:00,1
33333333,martes,08:00,1
33333333,martes,09:00,1
33333333,martes,10:00,1
33333333,martes,11:00,1
33333333,martes,12:00,1
33333333,martes,14:00,1
33333333,martes,15:00,1
33333333,martes,16:00,1
33333333,martes,17:00,1
33333333,martes,18:00,1
33333333,martes,19:00,1
33333333,martes,20:00,1
33333333,miercoles,07:00,1
33333333,miercoles,08:00,1
33333333,miercoles,09:00,1
33333333,miercoles,10:00,1
33333333,miercoles,11:00,1
33333333,miercoles,12:00,1
33333333,miercoles,14:00,1
33333333,miercoles,15:00,1
33333333,miercoles,16:00,1
33333333,miercoles,17:00,1
33333333,miercoles,18:00,1
33333333,miercoles,19:00,1
33333333,miercoles,20:00,1
33333333,jueves,07:00,1
33333333,jueves,08:00,1
33333333,jueves,09:00,1
33333333,jueves,10:00,1
33333333,jueves,11:00,1
33333333,jueves,12:00,1
33333333,jueves,14:00,1
33333333,jueves,15:00,1
33333333,jueves,16:00,1
33333333,jueves,17:00,1
33333333,jueves,18:00,1
33333333,jueves,19:00,1
33333333,jueves,20:00,1
33333333,viernes,07:00,1
33333333,viernes,08:00,1
33333333,viernes,09:00,1
33333333,viernes,10:00,1
33333333,viernes,11:00,1
33333333,viernes,12:00,1
33333333,viernes,14:00,1
33333333,viernes,15:00,1
33333333,viernes,16:00,1
33333333,viernes,17:00,1
33333333,viernes,18:00,1
33333333,viernes,19:00,1
33333333,viernes,20:00,1
33333333,sabado,07:00,1
33333333,sabado,08:00,1
33333333,sabado,09:00,1
33333333,sabado,10:00,1
33333333,sabado,11:00,1
33333333,sabado,12:00,1
33333333,sabado,14:00,1
33333333,sabado,15:00,1
33333333,sabado,16:00,1
33333333,sabado,17:00,1
33333333,sabado,18:00,1
33333333,sabado,19:00,1
33333333,sabado,20:00,1
37373737,lunes,07:00,1
37373737,lunes,08:00,1
37373737,lunes,09:00,1
37373737,lunes,10:00,1
37373737,lunes,11:00,1
37373737,lunes,12:00,1
37373737,lunes,14:00,1
37373737,lunes,15:00,1
37373737,lunes,16:00,1
37373737,lunes,17:00,1
37373737,lunes,18:00,1
37373737,lunes,19:00,1
37373737,lunes,20:00,1
37373737,martes,07:00,1
37373737,martes,08:00,1
37373737,martes,09:00,1
37373737,martes,10:00,1
37373737,martes,11:00,1
37373737,martes,12:00,1
37373737,martes,14:00,1
37373737,martes,15:00,1
37373737,martes,16:00,1
37373737,martes,17:00,1
37373737,martes,18:00,1
37373737,martes,19:00,1
37373737,martes,20:00,1
37373737,miercoles,07:00,1
37373737,miercoles,08:00,1
37373737,miercoles,09:00,1
37373737,miercoles,10:00,1
37373737,miercoles,11:00,1
37373737,miercoles,12:00,1
37373737,miercoles,14:00,1
37373737,miercoles,15:00,1
37373737,miercoles,16:00,1
37373737,miercoles,17:00,1
37373737,miercoles,18:00,1
37373737,miercoles,19:00,1
37373737,miercoles,20:00,1
37373737,jueves,07:00,1
37373737,jueves,08:00,1
37373737,jueves,09:00,1
37373737,jueves,10:00,1
37373737,jueves,11:00,1
37373737,jueves,12:00,1
37373737,jueves,14:00,1
37373737,jueves,15:00,1
37373737,jueves,16:00,1
37373737,jueves,17:00,1
37373737,jueves,18:00,1
37373737,jueves,19:00,1
37373737,jueves,20:00,1
37373737,viernes,07:00,1
37373737,viernes,08:00,1
37373737,viernes,09:00,1
37373737,viernes,10:00,1
37373737,viernes,11:00,1
37373737,viernes,12:00,1
37373737,viernes,14:00,1
37373737,viernes,15:00,1
37373737,viernes,16:00,1
37373737,viernes,17:00,1
37373737,viernes,18:00,1
37373737,viernes,19:00,1
37373737,viernes,20:00,1
37373737,sabado,07:00,1
37373737,sabado,08:00,1
37373737,sabado,09:00,1
37373737,sabado,10:00,1
37373737,sabado,11:00,1
37373737,sabado,12:00,1
37373737,sabado,14:00,1
37373737,sabado,15:00,1
37373737,sabado,16:00,1
37373737,sabado,17:00,1
37373737,sabado,18:00,1
37373737,sabado,19:00,1
37373737,sabado,20:00,1
